Event,Year,Games,region,Medal
Athletics Men's Triple Jump,1896,1896 Summer,USA,Gold
Athletics Men's 110 metres Hurdles,1896,1896 Summer,USA,Gold
Athletics Men's Long Jump,1896,1896 Summer,USA,Gold
Athletics Men's Pole Vault,1896,1896 Summer,USA,Gold
Athletics Men's High Jump,1896,1896 Summer,USA,Gold
Athletics Men's Shot Put,1896,1896 Summer,USA,Gold
Athletics Men's Discus Throw,1896,1896 Summer,USA,Gold
Athletics Men's 400 metres,1896,1896 Summer,USA,Gold
Athletics Men's 100 metres,1896,1896 Summer,USA,Gold
Athletics Men's Long Jump,1900,1900 Summer,USA,Gold
Athletics Men's Triple Jump,1900,1900 Summer,USA,Gold
"Athletics Men's 1,500 metres",1900,1900 Summer,UK,Gold
Athletics Men's High Jump,1900,1900 Summer,USA,Gold
Athletics Men's Pole Vault,1900,1900 Summer,USA,Gold
Athletics Men's Standing High Jump,1900,1900 Summer,USA,Gold
Athletics Men's 200 metres Hurdles,1900,1900 Summer,USA,Gold
Athletics Men's Standing Long Jump,1900,1900 Summer,USA,Gold
Athletics Men's 400 metres,1900,1900 Summer,USA,Gold
Athletics Men's Standing Triple Jump,1900,1900 Summer,USA,Gold
Athletics Men's Hammer Throw,1900,1900 Summer,USA,Gold
"Athletics Men's 5,000 metres, Team",1900,1900 Summer,UK,Gold
Athletics Men's 110 metres Hurdles,1900,1900 Summer,USA,Gold
Athletics Men's 60 metres,1900,1900 Summer,USA,Gold
Athletics Men's Shot Put,1900,1900 Summer,USA,Gold
Athletics Men's 200 metres,1900,1900 Summer,USA,Gold
Athletics Men's 400 metres Hurdles,1900,1900 Summer,USA,Gold
"Athletics Men's 4,000 metres Steeplechase",1900,1900 Summer,UK,Gold
"Athletics Men's 5,000 metres, Team",1900,1900 Summer,UK,Gold
Athletics Men's 100 metres,1900,1900 Summer,USA,Gold
"Athletics Men's 5,000 metres, Team",1900,1900 Summer,UK,Gold
"Athletics Men's 5,000 metres, Team",1900,1900 Summer,UK,Gold
Athletics Men's 800 metres,1900,1900 Summer,UK,Gold
Athletics Men's Standing Long Jump,1904,1904 Summer,USA,Gold
Athletics Men's Standing High Jump,1904,1904 Summer,USA,Gold
Athletics Men's Discus Throw,1904,1904 Summer,USA,Gold
Athletics Men's Long Jump,1904,1904 Summer,USA,Gold
"Athletics Men's 4 mile, Team",1904,1904 Summer,USA,Gold
Athletics Men's 110 metres Hurdles,1904,1904 Summer,USA,Gold
"Athletics Men's 4 mile, Team",1904,1904 Summer,USA,Gold
"Athletics Men's 4 mile, Team",1904,1904 Summer,USA,Gold
Athletics Men's Pole Vault,1904,1904 Summer,USA,Gold
Athletics Men's Triple Jump,1904,1904 Summer,USA,Gold
Athletics Men's Standing Triple Jump,1904,1904 Summer,USA,Gold
Athletics Men's Shot Put,1904,1904 Summer,USA,Gold
"Athletics Men's 4 mile, Team",1904,1904 Summer,USA,Gold
Athletics Men's 400 metres Hurdles,1904,1904 Summer,USA,Gold
Athletics Men's 200 metres Hurdles,1904,1904 Summer,USA,Gold
Athletics Men's 800 metres,1904,1904 Summer,USA,Gold
"Athletics Men's 1,500 metres",1904,1904 Summer,USA,Gold
Athletics Men's 200 metres,1904,1904 Summer,USA,Gold
Athletics Men's Marathon,1904,1904 Summer,USA,Gold
"Athletics Men's 2,590 metres Steeplechase",1904,1904 Summer,USA,Gold
Athletics Men's 100 metres,1904,1904 Summer,USA,Gold
Athletics Men's All-Around Championship,1904,1904 Summer,UK,Gold
Athletics Men's 400 metres,1904,1904 Summer,USA,Gold
Athletics Men's Hammer Throw,1904,1904 Summer,USA,Gold
"Athletics Men's 4 mile, Team",1904,1904 Summer,USA,Gold
Athletics Men's High Jump,1904,1904 Summer,USA,Gold
Athletics Men's 60 metres,1904,1904 Summer,USA,Gold
Athletics Men's 100 metres,1906,1906 Summer,USA,Gold
Athletics Men's Pole Vault,1906,1906 Summer,France,Gold
Athletics Men's Shot Put,1906,1906 Summer,USA,Gold
Athletics Men's 5 mile,1906,1906 Summer,UK,Gold
Athletics Men's Triple Jump,1906,1906 Summer,UK,Gold
Athletics Men's Long Jump,1906,1906 Summer,USA,Gold
Athletics Men's Discus Throw,1906,1906 Summer,USA,Gold
Athletics Men's 800 metres,1906,1906 Summer,USA,Gold
Athletics Men's High Jump,1906,1906 Summer,UK,Gold
"Athletics Men's 1,500 metres",1906,1906 Summer,USA,Gold
"Athletics Men's 1,500 metres Walk",1906,1906 Summer,USA,Gold
Athletics Men's Standing High Jump,1906,1906 Summer,USA,Gold
Athletics Men's Standing Long Jump,1906,1906 Summer,USA,Gold
Athletics Men's 110 metres Hurdles,1906,1906 Summer,USA,Gold
Athletics Men's 400 metres,1906,1906 Summer,USA,Gold
Athletics Men's Discus Throw,1908,1908 Summer,USA,Gold
"Athletics Men's Discus Throw, Greek Style",1908,1908 Summer,USA,Gold
Athletics Men's Pole Vault,1908,1908 Summer,USA,Gold
Athletics Men's Standing Long Jump,1908,1908 Summer,USA,Gold
"Athletics Men's 1,600 metres Medley Relay",1908,1908 Summer,USA,Gold
Athletics Men's Marathon,1908,1908 Summer,USA,Gold
Athletics Men's 800 metres,1908,1908 Summer,USA,Gold
"Athletics Men's 1,600 metres Medley Relay",1908,1908 Summer,USA,Gold
Athletics Men's Shot Put,1908,1908 Summer,USA,Gold
Athletics Men's High Jump,1908,1908 Summer,USA,Gold
Athletics Men's Pole Vault,1908,1908 Summer,USA,Gold
Athletics Men's Hammer Throw,1908,1908 Summer,USA,Gold
Athletics Men's Standing High Jump,1908,1908 Summer,USA,Gold
Athletics Men's Long Jump,1908,1908 Summer,USA,Gold
Athletics Men's 110 metres Hurdles,1908,1908 Summer,USA,Gold
"Athletics Men's 1,500 metres",1908,1908 Summer,USA,Gold
"Athletics Men's 3 mile, Team",1908,1908 Summer,UK,Gold
"Athletics Men's 3 mile, Team",1908,1908 Summer,UK,Gold
"Athletics Men's 3 mile, Team",1908,1908 Summer,UK,Gold
Athletics Men's Triple Jump,1908,1908 Summer,UK,Gold
Athletics Men's 400 metres,1908,1908 Summer,UK,Gold
Athletics Men's 10 mile Walk,1908,1908 Summer,UK,Gold
"Athletics Men's 3,500 metres Walk",1908,1908 Summer,UK,Gold
Athletics Men's 400 metres Hurdles,1908,1908 Summer,USA,Gold
"Athletics Men's 1,600 metres Medley Relay",1908,1908 Summer,USA,Gold
"Athletics Men's 3,200 metres Steeplechase",1908,1908 Summer,UK,Gold
Athletics Men's 5 mile,1908,1908 Summer,UK,Gold
"Athletics Men's 3 mile, Team",1908,1908 Summer,UK,Gold
"Athletics Men's 3 mile, Team",1908,1908 Summer,UK,Gold
"Athletics Men's 1,600 metres Medley Relay",1908,1908 Summer,USA,Gold
Athletics Men's Hammer Throw,1912,1912 Summer,USA,Gold
"Athletics Men's 3,000 metres, Team",1912,1912 Summer,USA,Gold
Athletics Men's 4 x 100 metres Relay,1912,1912 Summer,UK,Gold
Athletics Men's Standing High Jump,1912,1912 Summer,USA,Gold
Athletics Men's 4 x 400 metres Relay,1912,1912 Summer,USA,Gold
Athletics Men's 100 metres,1912,1912 Summer,USA,Gold
Athletics Men's 200 metres,1912,1912 Summer,USA,Gold
"Athletics Men's 3,000 metres, Team",1912,1912 Summer,USA,Gold
Athletics Men's Long Jump,1912,1912 Summer,USA,Gold
Athletics Men's 400 metres,1912,1912 Summer,USA,Gold
Athletics Men's 4 x 400 metres Relay,1912,1912 Summer,USA,Gold
Athletics Men's 4 x 400 metres Relay,1912,1912 Summer,USA,Gold
Athletics Men's 4 x 100 metres Relay,1912,1912 Summer,UK,Gold
Athletics Men's Shot Put,1912,1912 Summer,USA,Gold
Athletics Men's High Jump,1912,1912 Summer,USA,Gold
"Athletics Men's Shot Put, Both Hands",1912,1912 Summer,USA,Gold
"Athletics Men's 3,000 metres, Team",1912,1912 Summer,USA,Gold
Athletics Men's Decathlon,1912,1912 Summer,USA,Gold
Athletics Men's Pentathlon,1912,1912 Summer,USA,Gold
"Athletics Men's 1,500 metres",1912,1912 Summer,UK,Gold
Athletics Men's Pole Vault,1912,1912 Summer,USA,Gold
Athletics Men's 110 metres Hurdles,1912,1912 Summer,USA,Gold
"Athletics Men's 3,000 metres, Team",1912,1912 Summer,USA,Gold
Athletics Men's 800 metres,1912,1912 Summer,USA,Gold
Athletics Men's 4 x 100 metres Relay,1912,1912 Summer,UK,Gold
Athletics Men's 4 x 400 metres Relay,1912,1912 Summer,USA,Gold
Athletics Men's 4 x 100 metres Relay,1912,1912 Summer,UK,Gold
"Athletics Men's 3,000 metres, Team",1912,1912 Summer,USA,Gold
"Athletics Men's 1,500 metres",1920,1920 Summer,UK,Gold
Athletics Men's 56-pound Weight Throw,1920,1920 Summer,USA,Gold
Athletics Men's 100 metres,1920,1920 Summer,USA,Gold
Athletics Men's 800 metres,1920,1920 Summer,UK,Gold
Athletics Men's Pole Vault,1920,1920 Summer,USA,Gold
Athletics Men's 4 x 400 metres Relay,1920,1920 Summer,UK,Gold
Athletics Men's 4 x 400 metres Relay,1920,1920 Summer,UK,Gold
Athletics Men's 4 x 100 metres Relay,1920,1920 Summer,USA,Gold
"Athletics Men's 3,000 metres Steeplechase",1920,1920 Summer,UK,Gold
"Athletics Men's 3,000 metres, Team",1920,1920 Summer,USA,Gold
Athletics Men's 4 x 100 metres Relay,1920,1920 Summer,USA,Gold
"Athletics Men's 3,000 metres, Team",1920,1920 Summer,USA,Gold
Athletics Men's Hammer Throw,1920,1920 Summer,USA,Gold
Athletics Men's 4 x 400 metres Relay,1920,1920 Summer,UK,Gold
"Athletics Men's 3,000 metres, Team",1920,1920 Summer,USA,Gold
Athletics Men's 4 x 100 metres Relay,1920,1920 Summer,USA,Gold
Athletics Men's 400 metres Hurdles,1920,1920 Summer,USA,Gold
Athletics Men's 200 metres,1920,1920 Summer,USA,Gold
Athletics Men's High Jump,1920,1920 Summer,USA,Gold
"Athletics Men's 5,000 metres",1920,1920 Summer,France,Gold
Athletics Men's 4 x 400 metres Relay,1920,1920 Summer,UK,Gold
Athletics Men's 4 x 100 metres Relay,1920,1920 Summer,USA,Gold
"Athletics Men's 3,000 metres, Team",1920,1920 Summer,USA,Gold
"Athletics Men's 3,000 metres, Team",1920,1920 Summer,USA,Gold
Athletics Men's Discus Throw,1924,1924 Summer,USA,Gold
Athletics Men's Shot Put,1924,1924 Summer,USA,Gold
Athletics Men's Long Jump,1924,1924 Summer,USA,Gold
Athletics Men's 110 metres Hurdles,1924,1924 Summer,USA,Gold
Athletics Men's 800 metres,1924,1924 Summer,UK,Gold
Athletics Men's 400 metres,1924,1924 Summer,UK,Gold
Athletics Men's Pole Vault,1924,1924 Summer,USA,Gold
Athletics Men's 4 x 100 metres Relay,1924,1924 Summer,USA,Gold
Athletics Men's 4 x 100 metres Relay,1924,1924 Summer,USA,Gold
Athletics Men's 4 x 400 metres Relay,1924,1924 Summer,USA,Gold
Athletics Men's 4 x 400 metres Relay,1924,1924 Summer,USA,Gold
Athletics Men's 4 x 100 metres Relay,1924,1924 Summer,USA,Gold
Athletics Men's 4 x 400 metres Relay,1924,1924 Summer,USA,Gold
Athletics Men's 4 x 100 metres Relay,1924,1924 Summer,USA,Gold
Athletics Men's High Jump,1924,1924 Summer,USA,Gold
Athletics Men's Decathlon,1924,1924 Summer,USA,Gold
Athletics Men's 400 metres Hurdles,1924,1924 Summer,USA,Gold
Athletics Men's 100 metres,1924,1924 Summer,UK,Gold
Athletics Men's 4 x 400 metres Relay,1924,1924 Summer,USA,Gold
Athletics Men's 200 metres,1924,1924 Summer,USA,Gold
Athletics Men's Hammer Throw,1924,1924 Summer,USA,Gold
Athletics Men's 4 x 100 metres Relay,1928,1928 Summer,USA,Gold
Athletics Men's High Jump,1928,1928 Summer,USA,Gold
Athletics Men's Long Jump,1928,1928 Summer,USA,Gold
Athletics Men's 4 x 100 metres Relay,1928,1928 Summer,USA,Gold
Athletics Men's Discus Throw,1928,1928 Summer,USA,Gold
Athletics Men's Marathon,1928,1928 Summer,France,Gold
Athletics Men's 4 x 400 metres Relay,1928,1928 Summer,USA,Gold
Athletics Women's 800 metres,1928,1928 Summer,Germany,Gold
Athletics Women's 100 metres,1928,1928 Summer,USA,Gold
Athletics Men's Pole Vault,1928,1928 Summer,USA,Gold
Athletics Men's 4 x 100 metres Relay,1928,1928 Summer,USA,Gold
Athletics Men's 4 x 400 metres Relay,1928,1928 Summer,USA,Gold
Athletics Men's 800 metres,1928,1928 Summer,UK,Gold
Athletics Men's 4 x 100 metres Relay,1928,1928 Summer,USA,Gold
Athletics Men's 400 metres Hurdles,1928,1928 Summer,UK,Gold
Athletics Men's 400 metres,1928,1928 Summer,USA,Gold
Athletics Men's 4 x 400 metres Relay,1928,1928 Summer,USA,Gold
Athletics Men's Shot Put,1928,1928 Summer,USA,Gold
Athletics Men's 4 x 400 metres Relay,1928,1928 Summer,USA,Gold
Athletics Women's 4 x 100 metres Relay,1932,1932 Summer,USA,Gold
Athletics Women's High Jump,1932,1932 Summer,USA,Gold
Athletics Men's Pole Vault,1932,1932 Summer,USA,Gold
Athletics Men's 50 kilometres Walk,1932,1932 Summer,UK,Gold
Athletics Men's 4 x 100 metres Relay,1932,1932 Summer,USA,Gold
Athletics Men's 200 metres,1932,1932 Summer,USA,Gold
Athletics Men's 4 x 100 metres Relay,1932,1932 Summer,USA,Gold
Athletics Men's Shot Put,1932,1932 Summer,USA,Gold
Athletics Men's 4 x 100 metres Relay,1932,1932 Summer,USA,Gold
Athletics Men's 110 metres Hurdles,1932,1932 Summer,USA,Gold
Athletics Men's 4 x 400 metres Relay,1932,1932 Summer,USA,Gold
Athletics Women's 4 x 100 metres Relay,1932,1932 Summer,USA,Gold
Athletics Men's 100 metres,1932,1932 Summer,USA,Gold
Athletics Men's 800 metres,1932,1932 Summer,UK,Gold
Athletics Men's 4 x 400 metres Relay,1932,1932 Summer,USA,Gold
Athletics Men's 4 x 100 metres Relay,1932,1932 Summer,USA,Gold
Athletics Women's 4 x 100 metres Relay,1932,1932 Summer,USA,Gold
Athletics Men's Decathlon,1932,1932 Summer,USA,Gold
Athletics Men's 400 metres,1932,1932 Summer,USA,Gold
Athletics Men's 4 x 400 metres Relay,1932,1932 Summer,USA,Gold
Athletics Men's 4 x 400 metres Relay,1932,1932 Summer,USA,Gold
Athletics Women's Discus Throw,1932,1932 Summer,USA,Gold
Athletics Women's 4 x 100 metres Relay,1932,1932 Summer,USA,Gold
Athletics Women's 80 metres Hurdles,1932,1932 Summer,USA,Gold
Athletics Men's Long Jump,1932,1932 Summer,USA,Gold
Athletics Women's Javelin Throw,1932,1932 Summer,USA,Gold
Athletics Men's Discus Throw,1932,1932 Summer,USA,Gold
Athletics Women's 4 x 100 metres Relay,1936,1936 Summer,USA,Gold
Athletics Men's 4 x 400 metres Relay,1936,1936 Summer,UK,Gold
Athletics Women's 4 x 100 metres Relay,1936,1936 Summer,USA,Gold
Athletics Men's Shot Put,1936,1936 Summer,Germany,Gold
Athletics Men's Javelin Throw,1936,1936 Summer,Germany,Gold
Athletics Men's Hammer Throw,1936,1936 Summer,Germany,Gold
Athletics Men's 4 x 100 metres Relay,1936,1936 Summer,USA,Gold
Athletics Men's High Jump,1936,1936 Summer,USA,Gold
Athletics Men's 800 metres,1936,1936 Summer,USA,Gold
Athletics Men's 400 metres,1936,1936 Summer,USA,Gold
Athletics Men's 110 metres Hurdles,1936,1936 Summer,USA,Gold
Athletics Women's 4 x 100 metres Relay,1936,1936 Summer,USA,Gold
Athletics Women's 100 metres,1936,1936 Summer,USA,Gold
Athletics Men's 400 metres Hurdles,1936,1936 Summer,USA,Gold
Athletics Men's Discus Throw,1936,1936 Summer,USA,Gold
Athletics Men's 4 x 100 metres Relay,1936,1936 Summer,USA,Gold
Athletics Men's 50 kilometres Walk,1936,1936 Summer,UK,Gold
Athletics Men's 100 metres,1936,1936 Summer,USA,Gold
Athletics Men's 200 metres,1936,1936 Summer,USA,Gold
Athletics Men's 4 x 100 metres Relay,1936,1936 Summer,USA,Gold
Athletics Women's Discus Throw,1936,1936 Summer,Germany,Gold
Athletics Men's 4 x 400 metres Relay,1936,1936 Summer,UK,Gold
Athletics Men's 4 x 400 metres Relay,1936,1936 Summer,UK,Gold
Athletics Men's 4 x 400 metres Relay,1936,1936 Summer,UK,Gold
Athletics Women's 4 x 100 metres Relay,1936,1936 Summer,USA,Gold
Athletics Men's Long Jump,1936,1936 Summer,USA,Gold
Athletics Men's 4 x 100 metres Relay,1936,1936 Summer,USA,Gold
Athletics Women's Javelin Throw,1936,1936 Summer,Germany,Gold
Athletics Men's Pole Vault,1936,1936 Summer,USA,Gold
Athletics Men's Decathlon,1936,1936 Summer,USA,Gold
Athletics Men's Shot Put,1948,1948 Summer,USA,Gold
Athletics Women's High Jump,1948,1948 Summer,USA,Gold
Athletics Men's 800 metres,1948,1948 Summer,USA,Gold
Athletics Men's 4 x 400 metres Relay,1948,1948 Summer,USA,Gold
Athletics Men's 400 metres Hurdles,1948,1948 Summer,USA,Gold
Athletics Men's 4 x 400 metres Relay,1948,1948 Summer,USA,Gold
Athletics Women's Discus Throw,1948,1948 Summer,France,Gold
Athletics Men's Long Jump,1948,1948 Summer,USA,Gold
Athletics Men's 100 metres,1948,1948 Summer,USA,Gold
Athletics Women's Shot Put,1948,1948 Summer,France,Gold
Athletics Men's 4 x 100 metres Relay,1948,1948 Summer,USA,Gold
Athletics Men's 110 metres Hurdles,1948,1948 Summer,USA,Gold
Athletics Men's 4 x 100 metres Relay,1948,1948 Summer,USA,Gold
Athletics Men's 4 x 400 metres Relay,1948,1948 Summer,USA,Gold
Athletics Men's 4 x 100 metres Relay,1948,1948 Summer,USA,Gold
Athletics Men's 200 metres,1948,1948 Summer,USA,Gold
Athletics Men's 4 x 100 metres Relay,1948,1948 Summer,USA,Gold
Athletics Men's 4 x 400 metres Relay,1948,1948 Summer,USA,Gold
Athletics Men's Pole Vault,1948,1948 Summer,USA,Gold
Athletics Men's Decathlon,1948,1948 Summer,USA,Gold
Athletics Women's 4 x 100 metres Relay,1952,1952 Summer,USA,Gold
Athletics Men's Pole Vault,1952,1952 Summer,USA,Gold
Athletics Men's 110 metres Hurdles,1952,1952 Summer,USA,Gold
Athletics Men's 4 x 100 metres Relay,1952,1952 Summer,USA,Gold
Athletics Men's 100 metres,1952,1952 Summer,USA,Gold
Athletics Women's 4 x 100 metres Relay,1952,1952 Summer,USA,Gold
Athletics Men's 400 metres Hurdles,1952,1952 Summer,USA,Gold
Athletics Men's Shot Put,1952,1952 Summer,USA,Gold
Athletics Women's Discus Throw,1952,1952 Summer,Russia,Gold
Athletics Men's 4 x 100 metres Relay,1952,1952 Summer,USA,Gold
Athletics Men's High Jump,1952,1952 Summer,USA,Gold
Athletics Men's Decathlon,1952,1952 Summer,USA,Gold
Athletics Women's Shot Put,1952,1952 Summer,Russia,Gold
Athletics Men's 4 x 100 metres Relay,1952,1952 Summer,USA,Gold
Athletics Women's 4 x 100 metres Relay,1952,1952 Summer,USA,Gold
Athletics Men's Javelin Throw,1952,1952 Summer,USA,Gold
Athletics Men's 4 x 100 metres Relay,1952,1952 Summer,USA,Gold
Athletics Men's Long Jump,1952,1952 Summer,USA,Gold
Athletics Women's 4 x 100 metres Relay,1952,1952 Summer,USA,Gold
Athletics Men's Discus Throw,1952,1952 Summer,USA,Gold
"Athletics Men's 3,000 metres Steeplechase",1952,1952 Summer,USA,Gold
Athletics Men's 800 metres,1952,1952 Summer,USA,Gold
Athletics Men's 200 metres,1952,1952 Summer,USA,Gold
Athletics Men's 4 x 100 metres Relay,1956,1956 Summer,USA,Gold
Athletics Men's 200 metres,1956,1956 Summer,USA,Gold
Athletics Women's High Jump,1956,1956 Summer,USA,Gold
Athletics Men's 110 metres Hurdles,1956,1956 Summer,USA,Gold
"Athletics Men's 3,000 metres Steeplechase",1956,1956 Summer,UK,Gold
Athletics Men's High Jump,1956,1956 Summer,USA,Gold
Athletics Men's 20 kilometres Walk,1956,1956 Summer,Russia,Gold
Athletics Men's Shot Put,1956,1956 Summer,USA,Gold
Athletics Men's 4 x 400 metres Relay,1956,1956 Summer,USA,Gold
Athletics Men's 400 metres,1956,1956 Summer,USA,Gold
Athletics Men's 100 metres,1956,1956 Summer,USA,Gold
Athletics Men's Pole Vault,1956,1956 Summer,USA,Gold
Athletics Men's Long Jump,1956,1956 Summer,USA,Gold
Athletics Men's Marathon,1956,1956 Summer,France,Gold
Athletics Men's 4 x 100 metres Relay,1956,1956 Summer,USA,Gold
Athletics Men's Discus Throw,1956,1956 Summer,USA,Gold
Athletics Men's Decathlon,1956,1956 Summer,USA,Gold
Athletics Men's Hammer Throw,1956,1956 Summer,USA,Gold
"Athletics Men's 5,000 metres",1956,1956 Summer,Russia,Gold
Athletics Men's 800 metres,1956,1956 Summer,USA,Gold
Athletics Men's 4 x 400 metres Relay,1956,1956 Summer,USA,Gold
Athletics Men's 400 metres Hurdles,1956,1956 Summer,USA,Gold
"Athletics Men's 10,000 metres",1956,1956 Summer,Russia,Gold
Athletics Women's Javelin Throw,1956,1956 Summer,Russia,Gold
Athletics Men's 4 x 100 metres Relay,1956,1956 Summer,USA,Gold
Athletics Women's Shot Put,1956,1956 Summer,Russia,Gold
Athletics Men's 4 x 100 metres Relay,1956,1956 Summer,USA,Gold
Athletics Men's 4 x 400 metres Relay,1956,1956 Summer,USA,Gold
Athletics Men's 4 x 400 metres Relay,1956,1956 Summer,USA,Gold
Athletics Women's 4 x 100 metres Relay,1960,1960 Summer,USA,Gold
Athletics Women's Javelin Throw,1960,1960 Summer,Russia,Gold
Athletics Women's 80 metres Hurdles,1960,1960 Summer,Russia,Gold
Athletics Men's 100 metres,1960,1960 Summer,Germany,Gold
Athletics Men's 4 x 100 metres Relay,1960,1960 Summer,Germany,Gold
Athletics Men's 4 x 100 metres Relay,1960,1960 Summer,Germany,Gold
Athletics Women's Discus Throw,1960,1960 Summer,Russia,Gold
Athletics Men's Shot Put,1960,1960 Summer,USA,Gold
Athletics Men's 400 metres Hurdles,1960,1960 Summer,USA,Gold
Athletics Men's 4 x 400 metres Relay,1960,1960 Summer,USA,Gold
Athletics Men's Hammer Throw,1960,1960 Summer,Russia,Gold
Athletics Men's Discus Throw,1960,1960 Summer,USA,Gold
Athletics Men's 4 x 100 metres Relay,1960,1960 Summer,Germany,Gold
Athletics Men's 400 metres,1960,1960 Summer,USA,Gold
Athletics Men's 50 kilometres Walk,1960,1960 Summer,UK,Gold
"Athletics Men's 10,000 metres",1960,1960 Summer,Russia,Gold
Athletics Men's 4 x 400 metres Relay,1960,1960 Summer,USA,Gold
Athletics Men's 4 x 400 metres Relay,1960,1960 Summer,USA,Gold
Athletics Women's Long Jump,1960,1960 Summer,Russia,Gold
Athletics Women's 4 x 100 metres Relay,1960,1960 Summer,USA,Gold
Athletics Men's 110 metres Hurdles,1960,1960 Summer,USA,Gold
Athletics Men's 20 kilometres Walk,1960,1960 Summer,Russia,Gold
Athletics Men's 4 x 400 metres Relay,1960,1960 Summer,USA,Gold
Athletics Men's Long Jump,1960,1960 Summer,USA,Gold
Athletics Women's Shot Put,1960,1960 Summer,Russia,Gold
Athletics Men's Pole Vault,1960,1960 Summer,USA,Gold
Athletics Women's 100 metres,1960,1960 Summer,USA,Gold
Athletics Women's 200 metres,1960,1960 Summer,USA,Gold
Athletics Men's 4 x 100 metres Relay,1960,1960 Summer,Germany,Gold
Athletics Women's 800 metres,1960,1960 Summer,Russia,Gold
Athletics Women's 4 x 100 metres Relay,1960,1960 Summer,USA,Gold
Athletics Men's High Jump,1960,1960 Summer,Russia,Gold
Athletics Women's 4 x 100 metres Relay,1960,1960 Summer,USA,Gold
Athletics Men's Javelin Throw,1960,1960 Summer,Russia,Gold
Athletics Men's Decathlon,1960,1960 Summer,USA,Gold
Athletics Men's High Jump,1964,1964 Summer,Russia,Gold
Athletics Women's 200 metres,1964,1964 Summer,USA,Gold
Athletics Women's 80 metres Hurdles,1964,1964 Summer,Germany,Gold
Athletics Men's 4 x 400 metres Relay,1964,1964 Summer,USA,Gold
Athletics Women's Shot Put,1964,1964 Summer,Russia,Gold
Athletics Men's 200 metres,1964,1964 Summer,USA,Gold
Athletics Men's 4 x 100 metres Relay,1964,1964 Summer,USA,Gold
Athletics Men's Pole Vault,1964,1964 Summer,USA,Gold
Athletics Men's 100 metres,1964,1964 Summer,USA,Gold
Athletics Men's 4 x 100 metres Relay,1964,1964 Summer,USA,Gold
Athletics Women's 800 metres,1964,1964 Summer,UK,Gold
Athletics Men's 110 metres Hurdles,1964,1964 Summer,USA,Gold
Athletics Men's 4 x 100 metres Relay,1964,1964 Summer,USA,Gold
Athletics Men's 400 metres Hurdles,1964,1964 Summer,USA,Gold
Athletics Women's Pentathlon,1964,1964 Summer,Russia,Gold
Athletics Women's Discus Throw,1964,1964 Summer,Russia,Gold
"Athletics Men's 5,000 metres",1964,1964 Summer,USA,Gold
Athletics Men's 400 metres,1964,1964 Summer,USA,Gold
Athletics Men's Long Jump,1964,1964 Summer,UK,Gold
Athletics Men's Shot Put,1964,1964 Summer,USA,Gold
Athletics Men's Hammer Throw,1964,1964 Summer,Russia,Gold
Athletics Men's 4 x 400 metres Relay,1964,1964 Summer,USA,Gold
Athletics Men's Decathlon,1964,1964 Summer,Germany,Gold
Athletics Women's Long Jump,1964,1964 Summer,UK,Gold
Athletics Men's 20 kilometres Walk,1964,1964 Summer,UK,Gold
"Athletics Men's 10,000 metres",1964,1964 Summer,USA,Gold
Athletics Men's 4 x 400 metres Relay,1964,1964 Summer,USA,Gold
Athletics Men's 4 x 400 metres Relay,1964,1964 Summer,USA,Gold
Athletics Men's 4 x 100 metres Relay,1964,1964 Summer,USA,Gold
Athletics Women's 100 metres,1964,1964 Summer,USA,Gold
Athletics Men's Discus Throw,1964,1964 Summer,USA,Gold
Athletics Men's Decathlon,1968,1968 Summer,USA,Gold
Athletics Women's 4 x 100 metres Relay,1968,1968 Summer,USA,Gold
Athletics Men's 4 x 400 metres Relay,1968,1968 Summer,USA,Gold
Athletics Women's Shot Put,1968,1968 Summer,Germany,Gold
Athletics Men's Pole Vault,1968,1968 Summer,USA,Gold
Athletics Women's 800 metres,1968,1968 Summer,USA,Gold
Athletics Women's 400 metres,1968,1968 Summer,France,Gold
Athletics Men's Shot Put,1968,1968 Summer,USA,Gold
Athletics Men's 110 metres Hurdles,1968,1968 Summer,USA,Gold
Athletics Men's 50 kilometres Walk,1968,1968 Summer,Germany,Gold
Athletics Men's 400 metres Hurdles,1968,1968 Summer,UK,Gold
Athletics Women's 100 metres,1968,1968 Summer,USA,Gold
Athletics Women's Pentathlon,1968,1968 Summer,Germany,Gold
Athletics Men's 4 x 400 metres Relay,1968,1968 Summer,USA,Gold
Athletics Men's 4 x 100 metres Relay,1968,1968 Summer,USA,Gold
Athletics Men's 400 metres,1968,1968 Summer,USA,Gold
Athletics Men's 4 x 100 metres Relay,1968,1968 Summer,USA,Gold
Athletics Men's 4 x 100 metres Relay,1968,1968 Summer,USA,Gold
Athletics Men's 100 metres,1968,1968 Summer,USA,Gold
Athletics Men's 4 x 400 metres Relay,1968,1968 Summer,USA,Gold
Athletics Women's 4 x 100 metres Relay,1968,1968 Summer,USA,Gold
Athletics Women's 4 x 100 metres Relay,1968,1968 Summer,USA,Gold
Athletics Men's Long Jump,1968,1968 Summer,USA,Gold
Athletics Men's 4 x 100 metres Relay,1968,1968 Summer,USA,Gold
Athletics Men's 200 metres,1968,1968 Summer,USA,Gold
Athletics Men's High Jump,1968,1968 Summer,USA,Gold
Athletics Men's 20 kilometres Walk,1968,1968 Summer,Russia,Gold
Athletics Men's Triple Jump,1968,1968 Summer,Russia,Gold
Athletics Men's Javelin Throw,1968,1968 Summer,Russia,Gold
Athletics Men's 4 x 400 metres Relay,1968,1968 Summer,USA,Gold
Athletics Women's 4 x 100 metres Relay,1968,1968 Summer,USA,Gold
Athletics Men's Discus Throw,1968,1968 Summer,USA,Gold
Athletics Women's 400 metres,1972,1972 Summer,Germany,Gold
Athletics Women's 4 x 100 metres Relay,1972,1972 Summer,Germany,Gold
Athletics Women's Long Jump,1972,1972 Summer,Germany,Gold
Athletics Men's Javelin Throw,1972,1972 Summer,Germany,Gold
Athletics Men's 4 x 100 metres Relay,1972,1972 Summer,USA,Gold
Athletics Women's 4 x 400 metres Relay,1972,1972 Summer,Germany,Gold
Athletics Men's Hammer Throw,1972,1972 Summer,Russia,Gold
Athletics Men's Marathon,1972,1972 Summer,USA,Gold
Athletics Women's 4 x 100 metres Relay,1972,1972 Summer,Germany,Gold
Athletics Men's 4 x 100 metres Relay,1972,1972 Summer,USA,Gold
Athletics Women's 4 x 400 metres Relay,1972,1972 Summer,Germany,Gold
Athletics Men's 4 x 100 metres Relay,1972,1972 Summer,USA,Gold
Athletics Men's Pole Vault,1972,1972 Summer,Germany,Gold
Athletics Women's Pentathlon,1972,1972 Summer,UK,Gold
Athletics Men's 100 metres,1972,1972 Summer,Russia,Gold
"Athletics Women's 1,500 metres",1972,1972 Summer,Russia,Gold
Athletics Women's 800 metres,1972,1972 Summer,Germany,Gold
Athletics Women's Javelin Throw,1972,1972 Summer,Germany,Gold
Athletics Men's 800 metres,1972,1972 Summer,USA,Gold
Athletics Men's 20 kilometres Walk,1972,1972 Summer,Germany,Gold
Athletics Men's 200 metres,1972,1972 Summer,Russia,Gold
Athletics Men's 50 kilometres Walk,1972,1972 Summer,Germany,Gold
Athletics Women's 100 metres Hurdles,1972,1972 Summer,Germany,Gold
Athletics Men's 4 x 100 metres Relay,1972,1972 Summer,USA,Gold
Athletics Men's High Jump,1972,1972 Summer,Russia,Gold
Athletics Women's 4 x 100 metres Relay,1972,1972 Summer,Germany,Gold
Athletics Men's Long Jump,1972,1972 Summer,USA,Gold
Athletics Men's 400 metres,1972,1972 Summer,USA,Gold
Athletics Women's 100 metres,1972,1972 Summer,Germany,Gold
Athletics Women's Shot Put,1972,1972 Summer,Russia,Gold
Athletics Women's 4 x 100 metres Relay,1972,1972 Summer,Germany,Gold
Athletics Women's High Jump,1972,1972 Summer,Germany,Gold
Athletics Women's 200 metres,1972,1972 Summer,Germany,Gold
Athletics Men's Decathlon,1972,1972 Summer,Russia,Gold
Athletics Women's Discus Throw,1972,1972 Summer,Russia,Gold
Athletics Men's Triple Jump,1972,1972 Summer,Russia,Gold
Athletics Women's 4 x 400 metres Relay,1972,1972 Summer,Germany,Gold
Athletics Women's 4 x 400 metres Relay,1972,1972 Summer,Germany,Gold
Athletics Men's 110 metres Hurdles,1972,1972 Summer,USA,Gold
Athletics Men's 4 x 400 metres Relay,1976,1976 Summer,USA,Gold
Athletics Women's 4 x 100 metres Relay,1976,1976 Summer,Germany,Gold
Athletics Women's 4 x 100 metres Relay,1976,1976 Summer,Germany,Gold
Athletics Men's 4 x 100 metres Relay,1976,1976 Summer,USA,Gold
Athletics Men's 4 x 100 metres Relay,1976,1976 Summer,USA,Gold
Athletics Women's 4 x 400 metres Relay,1976,1976 Summer,Germany,Gold
Athletics Women's Discus Throw,1976,1976 Summer,Germany,Gold
Athletics Women's 100 metres Hurdles,1976,1976 Summer,Germany,Gold
Athletics Men's Discus Throw,1976,1976 Summer,USA,Gold
Athletics Women's Long Jump,1976,1976 Summer,Germany,Gold
Athletics Women's 800 metres,1976,1976 Summer,Russia,Gold
Athletics Men's Decathlon,1976,1976 Summer,USA,Gold
"Athletics Women's 1,500 metres",1976,1976 Summer,Russia,Gold
Athletics Women's Pentathlon,1976,1976 Summer,Germany,Gold
Athletics Women's 4 x 400 metres Relay,1976,1976 Summer,Germany,Gold
Athletics Men's Triple Jump,1976,1976 Summer,Russia,Gold
Athletics Men's 4 x 100 metres Relay,1976,1976 Summer,USA,Gold
Athletics Men's 4 x 100 metres Relay,1976,1976 Summer,USA,Gold
Athletics Men's Marathon,1976,1976 Summer,Germany,Gold
Athletics Men's 4 x 400 metres Relay,1976,1976 Summer,USA,Gold
Athletics Women's 200 metres,1976,1976 Summer,Germany,Gold
Athletics Women's 4 x 400 metres Relay,1976,1976 Summer,Germany,Gold
Athletics Men's 110 metres Hurdles,1976,1976 Summer,France,Gold
Athletics Women's 4 x 100 metres Relay,1976,1976 Summer,Germany,Gold
Athletics Men's Shot Put,1976,1976 Summer,Germany,Gold
Athletics Men's Long Jump,1976,1976 Summer,USA,Gold
Athletics Women's 4 x 400 metres Relay,1976,1976 Summer,Germany,Gold
Athletics Men's 4 x 400 metres Relay,1976,1976 Summer,USA,Gold
Athletics Men's Hammer Throw,1976,1976 Summer,Russia,Gold
Athletics Women's High Jump,1976,1976 Summer,Germany,Gold
Athletics Women's 4 x 100 metres Relay,1976,1976 Summer,Germany,Gold
Athletics Women's Javelin Throw,1976,1976 Summer,Germany,Gold
Athletics Women's 100 metres,1976,1976 Summer,Germany,Gold
Athletics Men's 400 metres Hurdles,1976,1976 Summer,USA,Gold
Athletics Men's 4 x 400 metres Relay,1976,1976 Summer,USA,Gold
Athletics Women's 800 metres,1980,1980 Summer,Russia,Gold
Athletics Women's Pentathlon,1980,1980 Summer,Russia,Gold
Athletics Men's 100 metres,1980,1980 Summer,UK,Gold
Athletics Women's 4 x 400 metres Relay,1980,1980 Summer,Russia,Gold
Athletics Women's 200 metres,1980,1980 Summer,Germany,Gold
Athletics Women's Discus Throw,1980,1980 Summer,Germany,Gold
Athletics Women's 4 x 100 metres Relay,1980,1980 Summer,Germany,Gold
Athletics Men's Hammer Throw,1980,1980 Summer,Russia,Gold
Athletics Men's Discus Throw,1980,1980 Summer,Russia,Gold
Athletics Women's 4 x 400 metres Relay,1980,1980 Summer,Russia,Gold
Athletics Men's 4 x 100 metres Relay,1980,1980 Summer,Russia,Gold
Athletics Women's Shot Put,1980,1980 Summer,Germany,Gold
Athletics Men's 4 x 400 metres Relay,1980,1980 Summer,Russia,Gold
Athletics Men's 4 x 400 metres Relay,1980,1980 Summer,Russia,Gold
Athletics Women's 4 x 400 metres Relay,1980,1980 Summer,Russia,Gold
Athletics Women's 4 x 400 metres Relay,1980,1980 Summer,Russia,Gold
Athletics Men's 4 x 100 metres Relay,1980,1980 Summer,Russia,Gold
Athletics Men's 50 kilometres Walk,1980,1980 Summer,Germany,Gold
Athletics Men's 4 x 100 metres Relay,1980,1980 Summer,Russia,Gold
Athletics Men's 4 x 400 metres Relay,1980,1980 Summer,Russia,Gold
Athletics Men's Long Jump,1980,1980 Summer,Germany,Gold
Athletics Men's Decathlon,1980,1980 Summer,UK,Gold
Athletics Men's 110 metres Hurdles,1980,1980 Summer,Germany,Gold
Athletics Women's 4 x 100 metres Relay,1980,1980 Summer,Germany,Gold
Athletics Men's Shot Put,1980,1980 Summer,Russia,Gold
Athletics Men's 800 metres,1980,1980 Summer,UK,Gold
Athletics Men's 400 metres Hurdles,1980,1980 Summer,Germany,Gold
Athletics Women's 4 x 100 metres Relay,1980,1980 Summer,Germany,Gold
Athletics Men's Javelin Throw,1980,1980 Summer,Russia,Gold
"Athletics Men's 1,500 metres",1980,1980 Summer,UK,Gold
Athletics Women's 4 x 100 metres Relay,1980,1980 Summer,Germany,Gold
Athletics Men's High Jump,1980,1980 Summer,Germany,Gold
Athletics Men's 400 metres,1980,1980 Summer,Russia,Gold
Athletics Men's 4 x 400 metres Relay,1980,1980 Summer,Russia,Gold
Athletics Women's 100 metres,1980,1980 Summer,Russia,Gold
Athletics Women's 4 x 400 metres Relay,1980,1980 Summer,Russia,Gold
Athletics Women's 4 x 400 metres Relay,1980,1980 Summer,Russia,Gold
Athletics Women's 100 metres Hurdles,1980,1980 Summer,Russia,Gold
Athletics Women's Long Jump,1980,1980 Summer,Russia,Gold
Athletics Women's 400 metres,1980,1980 Summer,Germany,Gold
Athletics Men's 4 x 400 metres Relay,1980,1980 Summer,Russia,Gold
Athletics Men's Triple Jump,1980,1980 Summer,Russia,Gold
"Athletics Women's 1,500 metres",1980,1980 Summer,Russia,Gold
Athletics Men's Marathon,1980,1980 Summer,Germany,Gold
Athletics Men's 4 x 100 metres Relay,1980,1980 Summer,Russia,Gold
Athletics Women's 400 metres,1984,1984 Summer,USA,Gold
Athletics Men's Pole Vault,1984,1984 Summer,France,Gold
Athletics Men's Decathlon,1984,1984 Summer,UK,Gold
Athletics Men's 4 x 400 metres Relay,1984,1984 Summer,USA,Gold
Athletics Women's 4 x 100 metres Relay,1984,1984 Summer,USA,Gold
Athletics Women's Javelin Throw,1984,1984 Summer,UK,Gold
Athletics Women's 4 x 100 metres Relay,1984,1984 Summer,USA,Gold
Athletics Women's 200 metres,1984,1984 Summer,USA,Gold
Athletics Women's 4 x 400 metres Relay,1984,1984 Summer,USA,Gold
Athletics Men's 400 metres,1984,1984 Summer,USA,Gold
Athletics Women's Marathon,1984,1984 Summer,USA,Gold
Athletics Women's 4 x 400 metres Relay,1984,1984 Summer,USA,Gold
Athletics Men's 4 x 400 metres Relay,1984,1984 Summer,USA,Gold
Athletics Women's 4 x 400 metres Relay,1984,1984 Summer,USA,Gold
Athletics Women's 100 metres,1984,1984 Summer,USA,Gold
Athletics Women's 4 x 100 metres Relay,1984,1984 Summer,USA,Gold
Athletics Women's 4 x 400 metres Relay,1984,1984 Summer,USA,Gold
Athletics Women's 4 x 400 metres Relay,1984,1984 Summer,USA,Gold
Athletics Men's 4 x 100 metres Relay,1984,1984 Summer,USA,Gold
Athletics Men's 200 metres,1984,1984 Summer,USA,Gold
Athletics Men's 100 metres,1984,1984 Summer,USA,Gold
Athletics Men's 4 x 100 metres Relay,1984,1984 Summer,USA,Gold
"Athletics Men's 1,500 metres",1984,1984 Summer,UK,Gold
Athletics Men's 4 x 100 metres Relay,1984,1984 Summer,USA,Gold
Athletics Women's 4 x 400 metres Relay,1984,1984 Summer,USA,Gold
Athletics Women's 4 x 100 metres Relay,1984,1984 Summer,USA,Gold
Athletics Men's High Jump,1984,1984 Summer,Germany,Gold
Athletics Women's High Jump,1984,1984 Summer,Germany,Gold
Athletics Men's 4 x 400 metres Relay,1984,1984 Summer,USA,Gold
Athletics Men's 4 x 400 metres Relay,1984,1984 Summer,USA,Gold
Athletics Men's 4 x 400 metres Relay,1984,1984 Summer,USA,Gold
Athletics Women's Shot Put,1984,1984 Summer,Germany,Gold
Athletics Men's Long Jump,1984,1984 Summer,USA,Gold
Athletics Men's 110 metres Hurdles,1984,1984 Summer,USA,Gold
Athletics Men's 400 metres Hurdles,1984,1984 Summer,USA,Gold
Athletics Men's 4 x 100 metres Relay,1984,1984 Summer,USA,Gold
Athletics Men's Discus Throw,1984,1984 Summer,Germany,Gold
Athletics Men's Triple Jump,1984,1984 Summer,USA,Gold
Athletics Women's 100 metres Hurdles,1984,1984 Summer,USA,Gold
Athletics Men's 4 x 400 metres Relay,1984,1984 Summer,USA,Gold
Athletics Men's High Jump,1988,1988 Summer,Russia,Gold
"Athletics Women's 3,000 metres",1988,1988 Summer,Russia,Gold
Athletics Men's Long Jump,1988,1988 Summer,USA,Gold
Athletics Women's Javelin Throw,1988,1988 Summer,Germany,Gold
Athletics Men's 400 metres,1988,1988 Summer,USA,Gold
Athletics Men's 4 x 400 metres Relay,1988,1988 Summer,USA,Gold
Athletics Men's 4 x 400 metres Relay,1988,1988 Summer,USA,Gold
Athletics Women's 4 x 100 metres Relay,1988,1988 Summer,USA,Gold
Athletics Men's 4 x 100 metres Relay,1988,1988 Summer,Russia,Gold
Athletics Men's 400 metres Hurdles,1988,1988 Summer,USA,Gold
Athletics Men's 4 x 400 metres Relay,1988,1988 Summer,USA,Gold
Athletics Women's 4 x 400 metres Relay,1988,1988 Summer,Russia,Gold
Athletics Men's 4 x 400 metres Relay,1988,1988 Summer,USA,Gold
Athletics Men's 4 x 400 metres Relay,1988,1988 Summer,USA,Gold
Athletics Women's High Jump,1988,1988 Summer,USA,Gold
Athletics Women's 4 x 400 metres Relay,1988,1988 Summer,Russia,Gold
Athletics Women's Discus Throw,1988,1988 Summer,Germany,Gold
Athletics Women's 4 x 100 metres Relay,1988,1988 Summer,USA,Gold
Athletics Men's 200 metres,1988,1988 Summer,USA,Gold
Athletics Women's 4 x 100 metres Relay,1988,1988 Summer,USA,Gold
"Athletics Women's 10,000 metres",1988,1988 Summer,Russia,Gold
Athletics Women's 4 x 400 metres Relay,1988,1988 Summer,Russia,Gold
Athletics Women's 4 x 100 metres Relay,1988,1988 Summer,USA,Gold
Athletics Men's Discus Throw,1988,1988 Summer,Germany,Gold
Athletics Men's Pole Vault,1988,1988 Summer,Russia,Gold
Athletics Women's 4 x 400 metres Relay,1988,1988 Summer,Russia,Gold
Athletics Women's 400 metres,1988,1988 Summer,Russia,Gold
Athletics Women's Long Jump,1988,1988 Summer,USA,Gold
Athletics Women's Heptathlon,1988,1988 Summer,USA,Gold
Athletics Men's 50 kilometres Walk,1988,1988 Summer,Russia,Gold
Athletics Men's 4 x 100 metres Relay,1988,1988 Summer,Russia,Gold
Athletics Men's 110 metres Hurdles,1988,1988 Summer,USA,Gold
Athletics Men's 100 metres,1988,1988 Summer,USA,Gold
Athletics Men's Decathlon,1988,1988 Summer,Germany,Gold
Athletics Men's Shot Put,1988,1988 Summer,Germany,Gold
Athletics Women's 200 metres,1988,1988 Summer,USA,Gold
Athletics Men's 4 x 400 metres Relay,1988,1988 Summer,USA,Gold
Athletics Women's 100 metres,1988,1988 Summer,USA,Gold
Athletics Men's 4 x 100 metres Relay,1988,1988 Summer,Russia,Gold
Athletics Women's 4 x 400 metres Relay,1988,1988 Summer,Russia,Gold
Athletics Women's Shot Put,1988,1988 Summer,Russia,Gold
Athletics Men's Hammer Throw,1988,1988 Summer,Russia,Gold
Athletics Women's 800 metres,1988,1988 Summer,Germany,Gold
Athletics Women's 4 x 100 metres Relay,1988,1988 Summer,USA,Gold
Athletics Men's 4 x 100 metres Relay,1988,1988 Summer,Russia,Gold
Athletics Women's Javelin Throw,1992,1992 Summer,Germany,Gold
Athletics Women's 400 metres,1992,1992 Summer,France,Gold
Athletics Women's High Jump,1992,1992 Summer,Germany,Gold
Athletics Women's Marathon,1992,1992 Summer,Russia,Gold
Athletics Men's 4 x 100 metres Relay,1992,1992 Summer,USA,Gold
Athletics Women's 200 metres,1992,1992 Summer,USA,Gold
Athletics Women's 4 x 400 metres Relay,1992,1992 Summer,Russia,Gold
Athletics Men's Shot Put,1992,1992 Summer,USA,Gold
Athletics Women's 4 x 100 metres Relay,1992,1992 Summer,USA,Gold
Athletics Men's Long Jump,1992,1992 Summer,USA,Gold
Athletics Women's 4 x 400 metres Relay,1992,1992 Summer,Russia,Gold
Athletics Men's Triple Jump,1992,1992 Summer,USA,Gold
Athletics Women's Shot Put,1992,1992 Summer,Russia,Gold
Athletics Women's 100 metres,1992,1992 Summer,USA,Gold
Athletics Men's 4 x 400 metres Relay,1992,1992 Summer,USA,Gold
Athletics Women's 4 x 400 metres Relay,1992,1992 Summer,Russia,Gold
Athletics Men's 4 x 100 metres Relay,1992,1992 Summer,USA,Gold
Athletics Men's Pole Vault,1992,1992 Summer,Russia,Gold
Athletics Women's 4 x 400 metres Relay,1992,1992 Summer,Russia,Gold
Athletics Men's 4 x 400 metres Relay,1992,1992 Summer,USA,Gold
Athletics Men's 4 x 400 metres Relay,1992,1992 Summer,USA,Gold
Athletics Women's Heptathlon,1992,1992 Summer,USA,Gold
Athletics Women's 4 x 100 metres Relay,1992,1992 Summer,USA,Gold
Athletics Men's 4 x 100 metres Relay,1992,1992 Summer,USA,Gold
Athletics Men's 4 x 400 metres Relay,1992,1992 Summer,USA,Gold
Athletics Women's 4 x 100 metres Relay,1992,1992 Summer,USA,Gold
Athletics Women's Long Jump,1992,1992 Summer,Germany,Gold
"Athletics Men's 5,000 metres",1992,1992 Summer,Germany,Gold
Athletics Women's 4 x 100 metres Relay,1992,1992 Summer,USA,Gold
Athletics Men's 4 x 400 metres Relay,1992,1992 Summer,USA,Gold
Athletics Men's Hammer Throw,1992,1992 Summer,Russia,Gold
Athletics Women's 400 metres Hurdles,1992,1992 Summer,UK,Gold
Athletics Women's 4 x 400 metres Relay,1992,1992 Summer,Russia,Gold
Athletics Men's 400 metres,1992,1992 Summer,USA,Gold
Athletics Women's 4 x 100 metres Relay,1992,1992 Summer,USA,Gold
Athletics Women's 4 x 400 metres Relay,1992,1992 Summer,Russia,Gold
Athletics Men's 100 metres,1992,1992 Summer,UK,Gold
"Athletics Women's 3,000 metres",1992,1992 Summer,Russia,Gold
Athletics Men's 4 x 100 metres Relay,1992,1992 Summer,USA,Gold
Athletics Men's 400 metres Hurdles,1992,1992 Summer,USA,Gold
Athletics Men's 50 kilometres Walk,1992,1992 Summer,Russia,Gold
Athletics Men's 4 x 100 metres Relay,1992,1992 Summer,USA,Gold
Athletics Men's 4 x 400 metres Relay,1992,1992 Summer,USA,Gold
Athletics Men's 200 metres,1992,1992 Summer,USA,Gold
Athletics Women's 4 x 400 metres Relay,1996,1996 Summer,USA,Gold
Athletics Women's 4 x 100 metres Relay,1996,1996 Summer,USA,Gold
Athletics Women's Shot Put,1996,1996 Summer,Germany,Gold
Athletics Men's 200 metres,1996,1996 Summer,USA,Gold
Athletics Men's 110 metres Hurdles,1996,1996 Summer,USA,Gold
Athletics Men's Triple Jump,1996,1996 Summer,USA,Gold
Athletics Men's Pole Vault,1996,1996 Summer,France,Gold
Athletics Men's 400 metres Hurdles,1996,1996 Summer,USA,Gold
Athletics Women's 200 metres,1996,1996 Summer,France,Gold
Athletics Women's 400 metres,1996,1996 Summer,France,Gold
Athletics Women's 10 kilometres Walk,1996,1996 Summer,Russia,Gold
"Athletics Women's 1,500 metres",1996,1996 Summer,Russia,Gold
Athletics Women's 800 metres,1996,1996 Summer,Russia,Gold
Athletics Men's 400 metres,1996,1996 Summer,USA,Gold
Athletics Men's 4 x 400 metres Relay,1996,1996 Summer,USA,Gold
Athletics Women's 4 x 100 metres Relay,1996,1996 Summer,USA,Gold
Athletics Men's Long Jump,1996,1996 Summer,USA,Gold
Athletics Women's 4 x 400 metres Relay,1996,1996 Summer,USA,Gold
Athletics Women's 4 x 400 metres Relay,1996,1996 Summer,USA,Gold
Athletics Men's 4 x 400 metres Relay,1996,1996 Summer,USA,Gold
Athletics Women's Discus Throw,1996,1996 Summer,Germany,Gold
Athletics Women's 100 metres,1996,1996 Summer,USA,Gold
Athletics Women's 4 x 100 metres Relay,1996,1996 Summer,USA,Gold
Athletics Men's 4 x 400 metres Relay,1996,1996 Summer,USA,Gold
Athletics Men's Decathlon,1996,1996 Summer,USA,Gold
Athletics Men's 4 x 400 metres Relay,1996,1996 Summer,USA,Gold
Athletics Women's 4 x 100 metres Relay,1996,1996 Summer,USA,Gold
Athletics Women's 4 x 100 metres Relay,1996,1996 Summer,USA,Gold
Athletics Women's 4 x 400 metres Relay,1996,1996 Summer,USA,Gold
Athletics Men's 4 x 400 metres Relay,1996,1996 Summer,USA,Gold
Athletics Women's 4 x 400 metres Relay,1996,1996 Summer,USA,Gold
Athletics Men's Shot Put,1996,1996 Summer,USA,Gold
Athletics Men's High Jump,1996,1996 Summer,USA,Gold
Athletics Men's Discus Throw,1996,1996 Summer,Germany,Gold
Athletics Men's Triple Jump,2000,2000 Summer,UK,Gold
Athletics Women's High Jump,2000,2000 Summer,Russia,Gold
Athletics Women's 4 x 400 metres Relay,2000,2000 Summer,USA,Gold
Athletics Men's 4 x 100 metres Relay,2000,2000 Summer,USA,Gold
Athletics Women's 400 metres Hurdles,2000,2000 Summer,Russia,Gold
Athletics Women's Heptathlon,2000,2000 Summer,UK,Gold
Athletics Men's 4 x 100 metres Relay,2000,2000 Summer,USA,Gold
Athletics Men's 800 metres,2000,2000 Summer,Germany,Gold
Athletics Women's 4 x 400 metres Relay,2000,2000 Summer,USA,Gold
Athletics Men's 400 metres Hurdles,2000,2000 Summer,USA,Gold
Athletics Men's 100 metres,2000,2000 Summer,USA,Gold
Athletics Men's 4 x 100 metres Relay,2000,2000 Summer,USA,Gold
Athletics Women's Long Jump,2000,2000 Summer,Germany,Gold
Athletics Women's 4 x 400 metres Relay,2000,2000 Summer,USA,Gold
Athletics Women's 4 x 400 metres Relay,2000,2000 Summer,USA,Gold
Athletics Women's 4 x 400 metres Relay,2000,2000 Summer,USA,Gold
Athletics Men's 400 metres,2000,2000 Summer,USA,Gold
Athletics Men's 4 x 100 metres Relay,2000,2000 Summer,USA,Gold
Athletics Women's Pole Vault,2000,2000 Summer,USA,Gold
Athletics Men's Pole Vault,2000,2000 Summer,USA,Gold
Athletics Men's 4 x 100 metres Relay,2000,2000 Summer,USA,Gold
Athletics Men's 4 x 100 metres Relay,2000,2000 Summer,USA,Gold
Athletics Men's High Jump,2000,2000 Summer,Russia,Gold
Athletics Women's Discus Throw,2004,2004 Summer,Russia,Gold
Athletics Women's High Jump,2004,2004 Summer,Russia,Gold
Athletics Women's Hammer Throw,2004,2004 Summer,Russia,Gold
Athletics Women's Long Jump,2004,2004 Summer,Russia,Gold
Athletics Women's 4 x 400 metres Relay,2004,2004 Summer,USA,Gold
Athletics Men's 4 x 400 metres Relay,2004,2004 Summer,USA,Gold
Athletics Women's 800 metres,2004,2004 Summer,UK,Gold
Athletics Men's 4 x 400 metres Relay,2004,2004 Summer,USA,Gold
Athletics Men's 200 metres,2004,2004 Summer,USA,Gold
Athletics Men's 4 x 400 metres Relay,2004,2004 Summer,USA,Gold
Athletics Women's 4 x 400 metres Relay,2004,2004 Summer,USA,Gold
Athletics Men's 4 x 100 metres Relay,2004,2004 Summer,UK,Gold
Athletics Women's 4 x 400 metres Relay,2004,2004 Summer,USA,Gold
Athletics Men's Long Jump,2004,2004 Summer,USA,Gold
Athletics Women's 4 x 400 metres Relay,2004,2004 Summer,USA,Gold
Athletics Men's 400 metres,2004,2004 Summer,USA,Gold
"Athletics Women's 1,500 metres",2004,2004 Summer,UK,Gold
Athletics Men's Shot Put,2004,2004 Summer,USA,Gold
Athletics Men's Pole Vault,2004,2004 Summer,USA,Gold
Athletics Men's 800 metres,2004,2004 Summer,Russia,Gold
Athletics Men's 100 metres,2004,2004 Summer,USA,Gold
Athletics Men's 4 x 400 metres Relay,2004,2004 Summer,USA,Gold
Athletics Men's 4 x 400 metres Relay,2004,2004 Summer,USA,Gold
Athletics Men's 4 x 100 metres Relay,2004,2004 Summer,UK,Gold
Athletics Women's 100 metres Hurdles,2004,2004 Summer,USA,Gold
Athletics Women's 4 x 400 metres Relay,2004,2004 Summer,USA,Gold
Athletics Women's Pole Vault,2004,2004 Summer,Russia,Gold
Athletics Men's 4 x 100 metres Relay,2004,2004 Summer,UK,Gold
Athletics Men's 4 x 400 metres Relay,2004,2004 Summer,USA,Gold
Athletics Men's 4 x 100 metres Relay,2004,2004 Summer,UK,Gold
Athletics Men's 4 x 400 metres Relay,2008,2008 Summer,USA,Gold
Athletics Men's Decathlon,2008,2008 Summer,USA,Gold
Athletics Women's 20 kilometres Walk,2008,2008 Summer,Russia,Gold
Athletics Women's Pole Vault,2008,2008 Summer,Russia,Gold
Athletics Men's 4 x 400 metres Relay,2008,2008 Summer,USA,Gold
Athletics Men's 400 metres Hurdles,2008,2008 Summer,USA,Gold
Athletics Women's 4 x 400 metres Relay,2008,2008 Summer,USA,Gold
Athletics Women's 4 x 400 metres Relay,2008,2008 Summer,USA,Gold
Athletics Men's 4 x 400 metres Relay,2008,2008 Summer,USA,Gold
Athletics Men's 4 x 400 metres Relay,2008,2008 Summer,USA,Gold
Athletics Men's 400 metres,2008,2008 Summer,USA,Gold
Athletics Women's 100 metres Hurdles,2008,2008 Summer,USA,Gold
Athletics Women's 4 x 400 metres Relay,2008,2008 Summer,USA,Gold
Athletics Women's 4 x 400 metres Relay,2008,2008 Summer,USA,Gold
Athletics Men's 4 x 400 metres Relay,2008,2008 Summer,USA,Gold
Athletics Women's 4 x 400 metres Relay,2008,2008 Summer,USA,Gold
Athletics Men's 4 x 400 metres Relay,2008,2008 Summer,USA,Gold
Athletics Women's Discus Throw,2008,2008 Summer,USA,Gold
Athletics Women's 4 x 100 metres Relay,2008,2008 Summer,Russia,Gold
Athletics Women's 4 x 100 metres Relay,2008,2008 Summer,Russia,Gold
Athletics Men's High Jump,2008,2008 Summer,Russia,Gold
Athletics Women's 4 x 100 metres Relay,2008,2008 Summer,Russia,Gold
Athletics Women's 4 x 100 metres Relay,2008,2008 Summer,Russia,Gold
"Athletics Women's 3,000 metres Steeplechase",2008,2008 Summer,Russia,Gold
Athletics Men's 20 kilometres Walk,2008,2008 Summer,Russia,Gold
Athletics Women's 400 metres,2008,2008 Summer,UK,Gold
Athletics Men's High Jump,2012,2012 Summer,Russia,Gold
Athletics Women's Long Jump,2012,2012 Summer,USA,Gold
Athletics Men's Decathlon,2012,2012 Summer,USA,Gold
Athletics Women's 200 metres,2012,2012 Summer,USA,Gold
Athletics Women's 4 x 100 metres Relay,2012,2012 Summer,USA,Gold
Athletics Women's 800 metres,2012,2012 Summer,Russia,Gold
Athletics Women's 4 x 400 metres Relay,2012,2012 Summer,USA,Gold
Athletics Men's 110 metres Hurdles,2012,2012 Summer,USA,Gold
Athletics Women's 400 metres,2012,2012 Summer,USA,Gold
Athletics Women's 4 x 400 metres Relay,2012,2012 Summer,USA,Gold
Athletics Women's 4 x 100 metres Relay,2012,2012 Summer,USA,Gold
Athletics Women's 4 x 100 metres Relay,2012,2012 Summer,USA,Gold
Athletics Women's 4 x 100 metres Relay,2012,2012 Summer,USA,Gold
Athletics Women's High Jump,2012,2012 Summer,Russia,Gold
Athletics Women's Hammer Throw,2012,2012 Summer,Russia,Gold
Athletics Women's 20 kilometres Walk,2012,2012 Summer,Russia,Gold
Athletics Men's 50 kilometres Walk,2012,2012 Summer,Russia,Gold
Athletics Women's 400 metres Hurdles,2012,2012 Summer,Russia,Gold
Athletics Women's 4 x 400 metres Relay,2012,2012 Summer,USA,Gold
Athletics Men's Pole Vault,2012,2012 Summer,France,Gold
"Athletics Women's 3,000 metres Steeplechase",2012,2012 Summer,Russia,Gold
Athletics Men's Triple Jump,2012,2012 Summer,USA,Gold
Athletics Women's 4 x 400 metres Relay,2012,2012 Summer,USA,Gold
Athletics Men's Long Jump,2012,2012 Summer,UK,Gold
Athletics Women's 4 x 100 metres Relay,2012,2012 Summer,USA,Gold
Athletics Men's Discus Throw,2012,2012 Summer,Germany,Gold
Athletics Women's Pole Vault,2012,2012 Summer,USA,Gold
Athletics Women's 4 x 100 metres Relay,2012,2012 Summer,USA,Gold
Athletics Women's Heptathlon,2012,2012 Summer,UK,Gold
"Athletics Men's 10,000 metres",2012,2012 Summer,UK,Gold
"Athletics Men's 5,000 metres",2012,2012 Summer,UK,Gold
Athletics Women's 4 x 400 metres Relay,2012,2012 Summer,USA,Gold
Athletics Women's 4 x 400 metres Relay,2012,2012 Summer,USA,Gold
Athletics Men's 4 x 400 metres Relay,2016,2016 Summer,USA,Gold
Athletics Women's Shot Put,2016,2016 Summer,USA,Gold
Athletics Women's 4 x 400 metres Relay,2016,2016 Summer,USA,Gold
"Athletics Men's 10,000 metres",2016,2016 Summer,UK,Gold
Athletics Women's 4 x 100 metres Relay,2016,2016 Summer,USA,Gold
"Athletics Men's 1,500 metres",2016,2016 Summer,USA,Gold
Athletics Men's 4 x 400 metres Relay,2016,2016 Summer,USA,Gold
Athletics Women's 4 x 100 metres Relay,2016,2016 Summer,USA,Gold
Athletics Women's 4 x 100 metres Relay,2016,2016 Summer,USA,Gold
Athletics Women's Long Jump,2016,2016 Summer,USA,Gold
"Athletics Men's 5,000 metres",2016,2016 Summer,UK,Gold
Athletics Men's 400 metres Hurdles,2016,2016 Summer,USA,Gold
Athletics Women's 4 x 400 metres Relay,2016,2016 Summer,USA,Gold
Athletics Women's 4 x 100 metres Relay,2016,2016 Summer,USA,Gold
Athletics Men's Javelin Throw,2016,2016 Summer,Germany,Gold
Athletics Women's 100 metres Hurdles,2016,2016 Summer,USA,Gold
Athletics Men's Decathlon,2016,2016 Summer,USA,Gold
Athletics Women's 4 x 400 metres Relay,2016,2016 Summer,USA,Gold
Athletics Men's Long Jump,2016,2016 Summer,USA,Gold
Athletics Men's Shot Put,2016,2016 Summer,USA,Gold
Athletics Women's 4 x 400 metres Relay,2016,2016 Summer,USA,Gold
Athletics Women's 4 x 400 metres Relay,2016,2016 Summer,USA,Gold
Athletics Women's 4 x 100 metres Relay,2016,2016 Summer,USA,Gold
Athletics Women's 4 x 400 metres Relay,2016,2016 Summer,USA,Gold
Athletics Women's 400 metres Hurdles,2016,2016 Summer,USA,Gold
Athletics Men's 4 x 400 metres Relay,2016,2016 Summer,USA,Gold
Athletics Men's 4 x 400 metres Relay,2016,2016 Summer,USA,Gold
Athletics Men's 4 x 400 metres Relay,2016,2016 Summer,USA,Gold
Athletics Men's 4 x 400 metres Relay,2016,2016 Summer,USA,Gold
Athletics Men's Discus Throw,2016,2016 Summer,Germany,Gold
Athletics Men's Triple Jump,2016,2016 Summer,USA,Gold
